"title","release_year","first_name","last_name"
"Backlash Undefeated",2006,"Christian","Akroyd"
"Betrayed Rear",2006,"Christian","Akroyd"
"Caper Motions",2006,"Christian","Akroyd"
"Catch Amistad",2006,"Christian","Akroyd"
"Chance Resurrection",2006,"Christian","Akroyd"
"Confused Candles",2006,"Christian","Akroyd"
"Cupboard Sinners",2006,"Christian","Akroyd"
"Divide Monster",2006,"Christian","Akroyd"
"Doom Dancing",2006,"Christian","Akroyd"
"Doors President",2006,"Christian","Akroyd"
"Driver Annie",2006,"Christian","Akroyd"
"Feathers Metal",2006,"Christian","Akroyd"
"Fire Wolves",2006,"Christian","Akroyd"
"Hills Neighbors",2006,"Christian","Akroyd"
"Home Pity",2006,"Christian","Akroyd"
"Innocent Usual",2006,"Christian","Akroyd"
"Jawbreaker Brooklyn",2006,"Christian","Akroyd"
"Luke Mummy",2006,"Christian","Akroyd"
"Magnolia Forrester",2006,"Christian","Akroyd"
"Maiden Home",2006,"Christian","Akroyd"
"Maker Gables",2006,"Christian","Akroyd"
"Million Ace",2006,"Christian","Akroyd"
"Mourning Purple",2006,"Christian","Akroyd"
"Nuts Ties",2006,"Christian","Akroyd"
"Oklahoma Jumanji",2006,"Christian","Akroyd"
"Operation Operation",2006,"Christian","Akroyd"
"Princess Giant",2006,"Christian","Akroyd"
"Reservoir Adaptation",2006,"Christian","Akroyd"
"Sabrina Midnight",2006,"Christian","Akroyd"
"Sinners Atlantis",2006,"Christian","Akroyd"
"Streetcar Intentions",2006,"Christian","Akroyd"
"Submarine Bed",2006,"Christian","Akroyd"
"Boulevard Mob",2006,"Kirsten","Akroyd"
"Braveheart Human",2006,"Kirsten","Akroyd"
"Bucket Brotherhood",2006,"Kirsten","Akroyd"
"Bugsy Song",2006,"Kirsten","Akroyd"
"Casablanca Super",2006,"Kirsten","Akroyd"
"Charade Duffel",2006,"Kirsten","Akroyd"
"Dangerous Uptown",2006,"Kirsten","Akroyd"
"Devil Desire",2006,"Kirsten","Akroyd"
"Frisco Forrest",2006,"Kirsten","Akroyd"
"Grinch Massage",2006,"Kirsten","Akroyd"
"Hours Rage",2006,"Kirsten","Akroyd"
"Hurricane Affair",2006,"Kirsten","Akroyd"
"Image Princess",2006,"Kirsten","Akroyd"
"Ishtar Rocketeer",2006,"Kirsten","Akroyd"
"Labyrinth League",2006,"Kirsten","Akroyd"
"League Hellfighters",2006,"Kirsten","Akroyd"
"Madigan Dorado",2006,"Kirsten","Akroyd"
"Madness Attacks",2006,"Kirsten","Akroyd"
"Magic Mallrats",2006,"Kirsten","Akroyd"
"Maker Gables",2006,"Kirsten","Akroyd"
"Massage Image",2006,"Kirsten","Akroyd"
"Memento Zoolander",2006,"Kirsten","Akroyd"
"Necklace Outbreak",2006,"Kirsten","Akroyd"
"Paths Control",2006,"Kirsten","Akroyd"
"Pluto Oleander",2006,"Kirsten","Akroyd"
"Private Drop",2006,"Kirsten","Akroyd"
"Raiders Antitrust",2006,"Kirsten","Akroyd"
"Reunion Witches",2006,"Kirsten","Akroyd"
"Sky Miracle",2006,"Kirsten","Akroyd"
"Speakeasy Date",2006,"Kirsten","Akroyd"
"Stagecoach Armageddon",2006,"Kirsten","Akroyd"
"Ties Hunger",2006,"Kirsten","Akroyd"
"Usual Untouchables",2006,"Kirsten","Akroyd"
"Worst Banger",2006,"Kirsten","Akroyd"
"Apollo Teen",2006,"Debbie","Akroyd"
"Club Graffiti",2006,"Debbie","Akroyd"
"Family Sweet",2006,"Debbie","Akroyd"
"Flintstones Happiness",2006,"Debbie","Akroyd"
"Galaxy Sweethearts",2006,"Debbie","Akroyd"
"Glory Tracy",2006,"Debbie","Akroyd"
"Half Outfield",2006,"Debbie","Akroyd"
"Hedwig Alter",2006,"Debbie","Akroyd"
"Holiday Games",2006,"Debbie","Akroyd"
"House Dynamite",2006,"Debbie","Akroyd"
"Money Harold",2006,"Debbie","Akroyd"
"Opposite Necklace",2006,"Debbie","Akroyd"
"Peak Forever",2006,"Debbie","Akroyd"
"Pianist Outfield",2006,"Debbie","Akroyd"
"Pilot Hoosiers",2006,"Debbie","Akroyd"
"President Bang",2006,"Debbie","Akroyd"
"Random Go",2006,"Debbie","Akroyd"
"Redemption Comforts",2006,"Debbie","Akroyd"
"Song Hedwig",2006,"Debbie","Akroyd"
"Spiking Element",2006,"Debbie","Akroyd"
"Stepmom Dream",2006,"Debbie","Akroyd"
"Sundance Invasion",2006,"Debbie","Akroyd"
"Victory Academy",2006,"Debbie","Akroyd"
"World Leathernecks",2006,"Debbie","Akroyd"
